????;?????;???? ??????
????;?????;???????
????;?????;????? ?????
????;?????;????? ???????
????;?????;?????????
????;?????;?? ???? ???
????;???????;???????
????;???????;???????
????;???????;??? ??????
????;???????;??? ??????
????;???????;???????
????;???????;??? ???????
????;???????;???? ?????
????;???????;?????????
????;???????;???? ??? ????
????;???????;???????
????;???????;????????
????;???????;???? ???????
????;??? ?????;??? ?????
????;??? ?????;???????
????;??? ?????;????? ????
????;??? ?????;?????? ????
????;??? ?????;?????? ????
????;??? ?????;????? ???????
????;??? ?????;?????? ????
????;??? ?????;???? ??????
????;??? ?????;?????
????;??? ?????;??? ???????
????;??? ?????;??? ?????
????;??? ?????;??? ?????
????;??? ?????;??? ?????
????;??? ?????;?????????
????;??? ?????;??? ?????
????;??? ?????;??? ???? ??? ??????
????;??? ?????;??????? ???????
????;??? ?????;???? ???????
????;??? ?????;???? ???????
????;???????;???????
????;???????;????? ??????
????;???????;?? ????????
????;???????;??? ???????
????;???????;??? ????
????;???????;???? ??????
????;??????? ??????;?? ?? ????? ?????
????;??????? ??????;???????
????;??????? ??????;?? ?? ????? ??????
????;??????? ??????;?? ?? ????? ??????
????;??????? ??????;?? ?????????
????;??????? ??????;??????? ??????
????;??????? ??????;??????
????;??????? ??????;???? ???????
????;??????? ??????;??????
????;???????;??????? ?????
????;???????;??????? ??????
????;???????;??????? ??????
????;???????;??????? ??????
????;???????;???????
????;??????;01????
????;??????;??????
????;??????;?????
????;??????;??????
????;??????;??????1
????;?? ???????;?? ???????
????;?? ???????;?? ???????
????;?? ???????;???????
????;?? ???????;??? ????? ????
????;?? ???????;??? ??????
????;?? ???????;????? ????
????;?? ???????;???????
????;?? ???????;?? ??????
????;?????;?????
????;?????;????? ???????
????;?????;????? ???????
????;?????;???????
????;?????;??????
????;?????;??????? ??????
????;?????;??????
????;?????;?????
????;?????;??? ??????
????;?????;??? ?????? ??????
????;?????;????????
????;?????;???????
????;?????;??? ???????
????;?????;??? ?????
????;????????;?? ????
????;????????;??? ????????
????;????????;??????
????;????????;?? ???????
????;????????;??? ?????
????;????????;????????
????;??????;??????
????;??????;?????? ??????
????;??????;???????
????;??????;???????
????;??????;?? ???????
????;??????;??? ?????
????;?????????;?????????
????;?????????;?????? ??????
????;?????????;??????
????;?????????;?????? ??????
????;?????????;???? ?????
????;?????????;???????
????;?????????;?????
????;?????????;???? ?? ????
????;?????????;????????
????;???? ????;??? ?????
????;???? ????;???? ????
????;???? ????;???????
????;???? ????;????
????;???? ????;20????
????;???? ????;?????
????;???? ????;??????? ?????
????;???? ????;25??????
????;???? ????;14?????
????;???????;???????
????;???????;??????
????;???????;?????? ???
????;???????;?? ????????
????;???????;?? ???? ???
????;???????;???? ?????
????;????????;???????? 1
????;????????;???????? 2
????;????????;???????? 3
????;????????;???????? 4
????;????????;?? ?????
????;????????;??? ???? 1
????;????????;??? ???? 2
????;????????;?????? 2
????;???? ??????;???? ??????
????;???? ??????;???? ?????
????;???? ??????;???? ??????
????;???? ??????;????? ????
????;???? ??????;??? ?????? ??????
????;???? ??????;?????? ????????
????;??? ??????;???? ??? ????
????;??? ??????;??? ??? ?????
????;??? ??????;????????
????;??? ??????;?? ?????
????;??? ??????;???????
????;??? ??????;???????
????;??? ??????;??? ??????
????;??? ??????;??? ??????
????;??? ??????;??? ?????? ??????
????;??? ??????;??? ?????
????;??? ??????;????? ???????
????;??? ??????;?? ???????
????;?????;????? ??????
????;?????;??????
????;?????;???????
????;?????;???? ???
????;?????;????? ??????
????;?????;???? ???
????;?????;??? ?????
????;??????;?????? ???????
????;??????;?????? ???????
????;??????;?????? ???????
????;??????;?????? ??????
????;??????;???????
????;??????;?????? ???????
????;??????;????
????;??????;???? ??????
????;??????;???? ????
????;??????;????? ??????
